segment,model,users,mean_price,top_category_share,distinct_categories,novelty,cold_item_share,catalog_coverage
new (0 items),Popularity (all-time),225,36.197999999999986,0.4,4.0,6.890007375808936,0.0,0.016666666666666666
new (0 items),"Popularity (trending, 14d half-life)",225,28.879,0.5,4.0,6.845444793897709,0.0,0.016666666666666666
new (0 items),Matrix factorization (SVD),225,49.341,0.2,7.0,9.689937771087072,0.1,0.016666666666666666
new (0 items),Content-based (TF-IDF),225,49.341,0.2,7.0,9.689937771087072,0.1,0.016666666666666666
new (0 items),Hybrid (MF + content + trending),225,28.879,0.5,4.0,6.845444793897709,0.0,0.016666666666666666
light (1-4),Popularity (all-time),136,36.22003676470588,0.4007352941176471,3.9926470588235294,6.890256165035965,0.0,0.018333333333333333
light (1-4),"Popularity (trending, 14d half-life)",136,28.90103676470588,0.5,3.9926470588235294,6.845693583124737,0.0,0.018333333333333333
light (1-4),Matrix factorization (SVD),136,49.67466176470588,0.5764705882352942,3.4411764705882355,7.859840669987651,0.0,0.33166666666666667
light (1-4),Content-based (TF-IDF),136,52.37165441176471,0.9051470588235294,1.3602941176470589,9.227433209018239,0.06102941176470589,0.6733333333333333
light (1-4),Hybrid (MF + content + trending),136,49.795544117647054,0.8624999999999999,1.661764705882353,8.698498794839251,0.08088235294117647,0.59
medium (5-19),Popularity (all-time),400,36.998059999999995,0.4125,3.97,6.90019423094235,0.0,0.021666666666666667
medium (5-19),"Popularity (trending, 14d half-life)",400,29.9161025,0.49400000000000005,3.97,6.859873148352318,0.0,0.021666666666666667
medium (5-19),Matrix factorization (SVD),400,50.672237499999994,0.603,3.305,7.757623098451355,0.0,0.33
medium (5-19),Content-based (TF-IDF),400,52.87547000000001,0.9375,1.285,9.004727458820572,0.04875,0.6816666666666666
medium (5-19),Hybrid (MF + content + trending),400,50.147615,0.83,1.915,8.875976974808102,0.1385,0.5216666666666666
heavy (20+),Popularity (all-time),400,38.49034499999999,0.4325,3.94,6.919948981833058,0.0,0.025
heavy (20+),"Popularity (trending, 14d half-life)",400,31.821547499999998,0.49474999999999997,3.92,6.896585046231065,0.0,0.025
heavy (20+),Matrix factorization (SVD),400,50.9691875,0.5727500000000001,3.405,7.6916728960209095,0.0,0.325
heavy (20+),Content-based (TF-IDF),400,55.451215000000005,0.9470000000000001,1.215,9.018466095750894,0.041999999999999996,0.615
heavy (20+),Hybrid (MF + content + trending),400,54.331705,0.7794999999999999,2.1325,8.967658024323864,0.15650000000000003,0.44666666666666666
